{
    "name": "root",
    "metadata": {
        "timer_format_version": "0.1.0",
        "start_time_seconds": "1756668388",
        "python_version": "3.10.11 (tags/v3.10.11:7d4cc5a, Apr  5 2023, 00:38:17) [MSC v.1929 64 bit (AMD64)]",
        "command_line_arguments": "C:\\Python310\\Scripts\\mlagents-learn noonRobot.yaml --run-id=noon --force",
        "mlagents_version": "1.1.0",
        "mlagents_envs_version": "1.1.0",
        "communication_protocol_version": "1.5.0",
        "pytorch_version": "2.2.2+cu121",
        "numpy_version": "1.23.5",
        "end_time_seconds": "1756668569"
    },
    "total": 180.8791981000104,
    "count": 1,
    "self": 0.007146000018110499,
    "children": {
        "run_training.setup": {
            "total": 0.10781049999059178,
            "count": 1,
            "self": 0.10781049999059178
        },
        "TrainerController.start_learning": {
            "total": 180.7642416000017,
            "count": 1,
            "self": 0.09692539920797572,
            "children": {
                "TrainerController._reset_env": {
                    "total": 12.51145180000458,
                    "count": 1,
                    "self": 12.51145180000458
                },
                "TrainerController.advance": {
                    "total": 167.9043652007822,
                    "count": 4234,
                    "self": 0.08367090273532085,
                    "children": {
                        "env_step": {
                            "total": 46.71131849903031,
                            "count": 4234,
                            "self": 28.780191598343663,
                            "children": {
                                "SubprocessEnvManager._take_step": {
                                    "total": 17.86147510088631,
                                    "count": 4234,
                                    "self": 0.34850400092545897,
                                    "children": {
                                        "TorchPolicy.evaluate": {
                                            "total": 17.51297109996085,
                                            "count": 4234,
                                            "self": 17.51297109996085
                                        }
                                    }
                                },
                                "workers": {
                                    "total": 0.06965179980034009,
                                    "count": 4233,
                                    "self": 0.0,
                                    "children": {
                                        "worker_root": {
                                            "total": 162.9805122994876,
                                            "count": 4233,
                                            "is_parallel": true,
                                            "self": 145.7212512990227,
                                            "children": {
                                                "steps_from_proto": {
                                                    "total": 0.0003845000173896551,
                                                    "count": 1,
                                                    "is_parallel": true,
                                                    "self": 0.00012990005780011415,
                                                    "children": {
                                                        "_process_rank_one_or_two_observation": {
                                                            "total": 0.00025459995958954096,
                                                            "count": 2,
                                                            "is_parallel": true,
                                                            "self": 0.00025459995958954096
                                                        }
                                                    }
                                                },
                                                "UnityEnvironment.step": {
                                                    "total": 17.258876500447514,
                                                    "count": 4233,
                                                    "is_parallel": true,
                                                    "self": 0.4839909025176894,
                                                    "children": {
                                                        "UnityEnvironment._generate_step_input": {
                                                            "total": 0.8714157981448807,
                                                            "count": 4233,
                                                            "is_parallel": true,
                                                            "self": 0.8714157981448807
                                                        },
                                                        "communicator.exchange": {
                                                            "total": 14.81535389929195,
                                                            "count": 4233,
                                                            "is_parallel": true,
                                                            "self": 14.81535389929195
                                                        },
                                                        "steps_from_proto": {
                                                            "total": 1.0881159004929941,
                                                            "count": 4233,
                                                            "is_parallel": true,
                                                            "self": 0.4415229005680885,
                                                            "children": {
                                                                "_process_rank_one_or_two_observation": {
                                                                    "total": 0.6465929999249056,
                                                                    "count": 8466,
                                                                    "is_parallel": true,
                                                                    "self": 0.6465929999249056
                                                                }
                                                            }
                                                        }
                                                    }
                                                }
                                            }
                                        }
                                    }
                                }
                            }
                        },
                        "trainer_advance": {
                            "total": 121.10937579901656,
                            "count": 4233,
                            "self": 0.1562652993015945,
                            "children": {
                                "process_trajectory": {
                                    "total": 2.8697882996930275,
                                    "count": 4233,
                                    "self": 2.8697882996930275
                                },
                                "_update_policy": {
                                    "total": 118.08332220002194,
                                    "count": 4016,
                                    "self": 0.03670059979776852,
                                    "children": {
                                        "OffPolicyTrainer._update_policy": {
                                            "total": 118.04662160022417,
                                            "count": 4016,
                                            "self": 56.72986060040421,