{
    "name": "root",
    "gauges": {
        "RobotAgent.Policy.Entropy.mean": {
            "value": 1.0079885721206665,
            "min": 1.0079885721206665,
            "max": 1.1488410234451294,
            "count": 4
        },
        "RobotAgent.Policy.Entropy.sum": {
            "value": 30227.5625,
            "min": 29258.68359375,
            "max": 32079.109375,
            "count": 4
        },
        "RobotAgent.Environment.EpisodeLength.mean": {
            "value": 6.995203836930456,
            "min": 6.817846153846154,
            "max": 7.08542171921315,
            "count": 4
        },
        "RobotAgent.Environment.EpisodeLength.sum": {
            "value": 26253.0,
            "min": 22158.0,
            "max": 26294.0,
            "count": 4
        },
        "RobotAgent.Step.mean": {
            "value": 179998.0,
            "min": 89992.0,
            "max": 179998.0,
            "count": 4
        },
        "RobotAgent.Step.sum": {
            "value": 179998.0,
            "min": 89992.0,
            "max": 179998.0,
            "count": 4
        },
        "RobotAgent.Policy.ExtrinsicValue.mean": {
            "value": 26.383054733276367,
            "min": 26.383054733276367,
            "max": 45.38962173461914,
            "count": 4
        },
        "RobotAgent.Policy.ExtrinsicValue.sum": {
            "value": 98989.21875,
            "min": 98989.21875,
            "max": 158543.75,
            "count": 4
        },
        "RobotAgent.Environment.CumulativeReward.mean": {
            "value": 2.00341806832798,
            "min": 1.6097722541127084,
            "max": 2.00341806832798,
            "count": 4
        },
        "RobotAgent.Environment.CumulativeReward.sum": {
            "value": 7516.824592366582,
            "min": 5230.150053612189,
            "max": 7516.824592366582,
            "count": 4
        },
        "RobotAgent.Policy.ExtrinsicReward.mean": {
            "value": 2.00341806832798,
            "min": 1.6097722541127084,
            "max": 2.00341806832798,
            "count": 4
        },
        "RobotAgent.Policy.ExtrinsicReward.sum": {
            "value": 7516.824592366582,
            "min": 5230.150053612189,
            "max": 7516.824592366582,
            "count": 4
        },
        "RobotAgent.Losses.PolicyLoss.mean": {
            "value": -26.066170970916748,
            "min": -45.60520489830792,
            "max": -26.066170970916748,
            "count": 4
        },
        "RobotAgent.Losses.PolicyLoss.sum": {
            "value": -26066.170970916748,
            "min": -42609.85329437256,
            "max": -26066.170970916748,
            "count": 4
        },
        "RobotAgent.Losses.ValueLoss.mean": {
            "value": 2.038848108410835,
            "min": 2.038848108410835,
            "max": 5.0670223141458,
            "count": 4
        },
        "RobotAgent.Losses.ValueLoss.sum": {
            "value": 2038.8481084108353,
            "min": 2038.8481084108353,
            "max": 4536.162715435028,
            "count": 4
        },
        "RobotAgent.Losses.Q1Loss.mean": {
            "value": 30.610221004486085,
            "min": 30.610221004486085,
            "max": 76.82235122988504,
            "count": 4
        },
        "RobotAgent.Losses.Q1Loss.sum": {
            "value": 30610.221004486084,
            "min": 30610.221004486084,
            "max": 74859.0220336914,
            "count": 4
        },
        "RobotAgent.Losses.Q2Loss.mean": {
            "value": 30.312578243255615,
            "min": 30.312578243255615,
            "max": 75.63184697392151,
            "count": 4
        },
        "RobotAgent.Losses.Q2Loss.sum": {
            "value": 30312.578243255615,
            "min": 30312.578243255615,
            "max": 74008.26446533203,
            "count": 4
        },
        "RobotAgent.Policy.ContinuousEntropyCoeff.mean": {
            "value": 0.3794606215953827,
            "min": 0.3794606215953827,
            "max": 0.8866391805175966,
            "count": 4
        },
        "RobotAgent.Policy.ContinuousEntropyCoeff.sum": {
            "value": 379.4606215953827,
            "min": 379.4606215953827,
            "max": 750.9833858984043,
            "count": 4
        },
        "RobotAgent.Policy.LearningRate.mean": {
            "value": 0.0003,
            "min": 0.0003,
            "max": 0.0003,
            "count": 4
        },
        "RobotAgent.Policy.LearningRate.sum": {
            "value": 0.3,
            "min": 0.2541,
            "max": 0.3,
            "count": 4
        },
        "RobotAgent.IsTraining.mean": {
            "value": 1.0,
            "min": 1.0,
            "max": 1.0,
            "count": 4
        },
        "RobotAgent.IsTraining.sum": {
            "value": 1.0,
            "min": 1.0,
            "max": 1.0,
            "count": 4
        }
    },
    "metadata": {
        "timer_format_version": "0.1.0",
        "start_time_seconds": "1757006651",
        "python_version": "3.10.11 (tags/v3.10.11:7d4cc5a, Apr  5 2023, 00:38:17) [MSC v.1929 64 bit (AMD64)]",
        "command_line_arguments": "C:\\Python310\\Scripts\\mlagents-learn noonRobot.yaml --resume",
        "mlagents_version": "1.1.0",
        "mlagents_envs_version": "1.1.0",
        "communication_protocol_version": "1.5.0",
        "pytorch_version": "2.2.2+cu121",
        "numpy_version": "1.23.5",
        "end_time_seconds": "1757007684"
    },
    "total": 1033.3194272000037,
    "count": 1,
    "self": 0.008875200008333195,
    "children": {
        "run_training.setup": {
            "total": 0.11029209999833256,
            "count": 1,
            "self": 0.11029209999833256
        },
        "TrainerController.start_learning": {
            "total": 1033.200259899997,
            "count": 1,
            "self": 0.6400527998266625,
            "children": {
                "TrainerController._reset_env": {
                    "total": 7.400235000000976,
                    "count": 1,
                    "self": 7.400235000000976
                },
                "TrainerController.advance": {
                    "total": 1024.8912896001711,
                    "count": 25628,
                    "self": 0.5221246992005035,
                    "children": {
                        "env_step": {
                            "total": 342.088966200492,
                            "count": 25628,
                            "self": 284.75090470037685,
                            "children": {
                                "SubprocessEnvManager._take_step": {
                                    "total": 56.91617980028968,
                                    "count": 25629,
                                    "self": 1.2580900998873403,
                                    "children": {
                                        "TorchPolicy.evaluate": {
                                            "total": 55.65808970040234,
                                            "count": 14051,
                                            "self": 55.65808970040234
                                        }
                                    }
                                },
                                "workers": {
                                    "total": 0.4218816998254624,
                                    "count": 25627,
                                    "self": 0.0,
                                    "children": {
                                        "worker_root": {
                                            "total": 993.7562200001994,
                                            "count": 25627,
                                            "is_parallel": true,
                                            "self": 772.441732500818,